{"cameraMode":{"drawMode":0,"name":"Shaded","section":"Shading Mode"},"sceneLighting":true,"audioPlay":false,"sceneViewState":{"m_AlwaysRefresh":false,"showFog":true,"showSkybox":true,"showFlares":true,"showImageEffects":true,"showParticleSystems":true,"showVisualEffectGraphs":true,"m_FxEnabled":true},"in2DMode":false,"pivot":{"x":-286.6347351074219,"y":3.7655367851257326,"z":-23.2609806060791},"rotation":{"x":-0.029559485614299775,"y":-0.9627435803413391,"z":0.24173606932163239,"w":-0.11789175122976303},"size":1.0645616054534913,"orthographic":false}